subjnumb;mvliking;kidtrans;miniboxy;lthrbetr;secbiggr;safeimpt;buyhghnd;pricqual;prmsound;perfimpt;tkvacatn;noparkrm;homlrgst;envrminr;needbetw;suvcmpct;next2str;carefmny;shdcarpl;imprtapp;lk4whldr;kidsbulk;wntguzlr;nordtrps;stylclth;strngwrn;passnimp;twoincom;nohummer;aftrschl;accesfun;age;income;miles;numkids;female;educ;recycle
1;4;6;5;2;5;3;4;3;4;7;3;6;4;6;5;6;9;6;3;2;3;5;7;6;5;3;6;2;6;4;4;34;59;14;1;0;1;3
2;6;3;5;3;7;5;5;4;6;4;5;7;4;4;7;6;3;5;6;6;6;2;4;6;6;4;6;7;6;3;5;36;79;16;1;0;3;4
3;3;7;1;5;2;5;4;5;5;5;6;3;8;5;6;4;7;4;6;5;6;7;3;4;5;7;4;4;2;7;6;51;72;22;2;1;3;3
4;3;3;5;3;6;6;6;6;4;5;4;6;5;7;6;4;3;6;4;3;6;2;7;7;1;6;8;6;4;2;3;32;42;12;0;0;3;2
5;1;4;3;6;3;4;6;6;6;5;5;3;7;5;3;3;6;9;7;6;5;5;4;6;1;5;6;4;4;5;5;40;75;17;1;1;3;4
6;2;4;2;5;3;5;5;7;5;6;5;3;9;3;1;2;7;5;8;5;6;4;2;7;5;7;5;6;1;5;6;43;94;16;0;0;3;5
7;8;7;6;5;6;6;6;6;5;4;5;6;4;5;8;8;4;4;6;5;7;7;4;4;5;5;6;7;6;6;6;47;38;26;2;1;4;3
8;4;4;5;2;5;6;5;3;3;3;2;4;5;8;6;6;3;6;3;5;6;3;5;5;5;6;7;5;4;3;3;29;39;16;1;0;2;2
9;5;6;3;6;3;4;6;7;7;5;5;3;7;5;3;4;5;4;5;5;5;4;5;5;6;6;4;5;3;6;6;38;129;20;1;0;3;2
10;3;3;4;2;6;4;3;5;2;5;2;3;4;6;5;1;4;8;5;3;4;3;6;7;4;5;8;3;4;2;2;26;26;11;0;0;2;3
11;1;3;5;3;4;7;4;4;4;3;3;6;4;7;9;5;4;7;5;2;7;9;7;8;3;5;9;4;6;3;3;31;20;12;0;1;3;3
12;3;5;3;6;4;4;6;7;5;5;6;3;6;7;5;3;7;4;5;6;5;5;5;6;4;5;5;5;3;6;5;43;136;17;0;0;3;1
13;4;5;3;4;5;7;4;4;3;4;4;3;6;6;4;5;9;6;4;4;5;4;6;5;3;7;8;4;3;4;4;37;49;13;1;1;3;3
14;7;5;4;6;5;5;6;4;7;4;5;3;8;5;4;4;5;9;6;5;5;4;4;5;6;8;5;6;3;4;5;46;61;18;1;1;3;4
15;6;6;7;6;6;6;7;6;6;5;6;6;3;5;6;8;2;3;6;7;7;6;4;4;8;5;4;6;6;6;6;52;119;28;3;1;3;3
16;6;6;6;5;8;7;5;3;5;2;6;6;4;5;6;8;3;5;7;6;8;5;5;4;6;7;5;6;6;7;6;39;28;29;2;1;4;3
17;9;3;6;5;8;5;8;7;6;6;7;7;5;3;7;6;4;3;6;5;6;2;4;7;7;5;5;7;7;1;6;43;113;17;0;0;4;4
18;4;6;6;5;7;3;7;7;6;8;5;6;4;7;7;6;3;5;5;6;3;6;5;4;6;4;5;3;5;5;6;36;124;23;3;0;3;2
19;1;6;4;3;7;4;9;3;4;6;4;2;5;4;6;4;3;7;7;3;4;5;5;5;6;3;6;1;4;4;4;48;58;21;1;1;3;4
20;3;4;5;4;5;4;4;5;4;5;4;4;5;1;5;5;4;7;4;4;4;4;5;5;4;5;6;4;4;3;3;35;51;19;1;1;3;4
21;7;2;5;2;5;5;3;2;3;4;2;4;4;6;4;5;2;7;5;3;4;2;6;9;4;3;9;4;5;2;2;28;23;8;0;0;2;4
22;1;5;3;3;4;6;3;4;2;4;3;4;6;6;3;3;4;6;5;4;6;5;6;5;4;5;7;2;7;5;3;28;29;16;1;1;2;3
23;7;6;7;9;7;6;7;4;6;5;9;7;4;5;8;7;2;3;7;6;6;5;4;5;7;4;3;5;6;4;6;58;166;29;2;1;3;2
24;2;4;3;4;4;5;6;4;4;5;5;4;6;4;3;4;4;5;8;6;5;4;2;6;7;5;5;3;6;3;6;41;63;18;0;0;3;5
25;5;6;3;8;4;6;4;3;3;5;4;4;4;7;3;4;5;8;5;5;4;5;6;5;5;5;6;4;5;6;5;36;33;18;2;0;3;2
26;1;7;2;6;4;6;8;9;5;4;7;2;8;6;4;2;7;4;5;6;6;5;5;4;6;8;4;8;4;7;7;50;128;26;3;1;4;1
27;1;6;5;2;4;4;4;5;4;5;3;9;5;9;5;5;5;6;4;4;6;4;7;4;5;3;6;6;6;6;3;23;23;17;3;1;1;1
28;9;7;6;5;5;5;7;6;7;5;7;5;7;4;6;5;4;1;6;6;5;8;3;4;7;6;2;7;4;6;8;50;168;27;3;1;3;3
29;1;6;2;4;9;6;4;4;4;3;5;3;8;5;3;3;7;5;6;6;7;9;5;1;4;6;4;4;3;6;5;44;61;21;4;1;3;3
30;3;7;2;6;3;5;5;3;5;5;6;3;8;5;4;4;1;5;5;6;5;7;1;4;6;6;5;5;3;5;6;44;52;25;2;1;3;3
31;1;4;4;2;5;2;4;3;3;7;3;4;4;7;5;1;4;7;4;4;3;4;6;7;4;3;2;3;5;4;4;27;22;13;0;0;1;3
32;6;5;4;6;4;5;7;7;6;4;6;4;7;5;3;4;7;4;6;7;6;6;4;5;6;7;6;7;2;5;6;56;214;17;2;1;4;3
33;9;3;5;3;6;2;5;5;5;8;5;5;5;2;5;4;5;7;3;3;2;4;6;8;4;1;6;6;6;4;4;36;38;13;0;0;1;4
34;7;4;3;5;4;8;7;7;5;3;4;4;7;7;4;4;7;4;4;6;8;5;6;6;4;7;6;6;5;9;5;51;70;25;0;1;4;2
35;9;9;4;6;5;6;6;4;5;5;6;4;6;4;3;5;5;4;6;7;6;5;3;5;6;7;4;6;5;5;6;52;80;25;2;1;4;4
36;3;7;4;6;5;5;6;6;6;5;6;4;8;5;4;3;7;3;5;5;5;6;4;4;6;6;4;5;5;7;7;49;147;27;4;1;3;2
37;1;4;2;5;4;5;6;4;6;6;6;3;8;4;4;3;6;4;6;5;5;3;4;5;5;7;5;5;3;5;1;41;62;20;1;1;4;3
38;6;4;6;5;7;5;6;6;5;5;5;6;6;5;7;7;3;6;5;5;5;3;5;5;7;5;5;3;7;3;5;38;79;16;2;0;3;2
39;5;5;4;6;3;4;6;7;5;6;7;3;7;5;5;4;8;4;6;5;5;6;4;5;6;3;5;4;4;6;6;50;147;19;1;0;3;3
40;9;4;3;5;4;8;6;7;7;4;4;2;8;5;5;3;7;6;6;4;7;3;4;6;4;8;5;6;2;3;5;55;91;14;1;1;3;4
41;4;4;6;5;7;8;7;6;7;4;5;5;6;4;6;5;4;4;8;7;7;5;9;6;7;7;5;5;7;3;6;46;125;20;1;1;4;3
42;2;7;3;4;5;3;4;3;3;6;4;3;5;7;4;4;6;6;4;4;4;5;8;5;4;4;6;2;3;7;4;35;64;17;1;1;2;2
43;4;5;5;2;6;4;9;2;3;6;2;4;4;6;5;5;2;7;4;4;4;8;6;4;4;2;7;2;5;4;3;46;37;17;1;0;2;2
44;1;4;5;4;6;5;4;2;4;5;3;4;4;6;4;5;4;7;6;4;5;4;5;6;4;5;6;4;5;3;3;34;31;16;1;1;2;4
45;2;6;4;4;3;6;4;4;4;5;3;4;5;8;3;3;5;7;3;4;5;5;6;1;3;6;6;5;5;5;3;37;30;16;3;1;3;2
46;6;6;7;5;7;6;7;3;5;4;5;7;5;6;6;6;4;4;5;8;6;5;5;4;7;5;5;7;6;4;9;48;97;22;2;1;4;3
47;1;7;4;2;7;6;4;5;3;4;3;5;4;9;6;5;4;7;2;3;6;6;8;4;4;5;6;5;6;7;2;30;23;24;3;1;1;1
48;6;9;4;5;6;4;5;4;6;6;4;3;6;6;3;5;8;6;2;6;3;7;7;2;5;3;5;5;4;8;5;48;99;24;4;1;1;2
49;3;6;3;5;4;4;5;7;5;7;5;3;6;5;4;5;5;5;6;5;5;6;5;4;5;5;5;5;3;5;5;44;57;19;2;0;3;3
50;6;4;5;3;5;4;4;5;3;6;4;4;4;6;4;5;3;6;4;3;5;3;5;6;4;4;7;5;5;3;3;33;24;16;0;0;2;3
51;5;6;3;6;5;5;7;6;6;6;6;3;7;7;3;4;7;4;3;5;5;4;6;5;6;7;5;5;6;7;6;47;128;20;1;0;4;2
52;7;7;3;4;3;4;5;7;5;6;6;3;8;7;3;3;6;4;4;6;3;7;5;1;5;5;5;4;5;6;5;51;74;19;3;1;3;2
53;1;5;5;2;6;6;3;4;3;4;3;5;5;6;6;9;4;7;6;3;5;5;5;6;3;4;8;4;4;8;4;25;21;20;1;1;3;4
54;1;3;3;5;4;5;5;4;7;6;5;3;7;5;4;2;6;5;8;5;6;3;3;6;5;6;6;4;4;2;5;43;100;15;0;0;3;4
55;4;4;5;2;6;6;5;3;3;4;3;5;5;7;4;5;4;7;5;3;5;4;6;5;5;6;7;4;4;3;3;37;46;19;1;1;2;3
56;5;7;4;5;5;3;4;4;5;5;4;3;7;5;4;4;6;5;6;6;5;6;5;3;5;4;7;4;5;5;6;41;53;21;4;1;3;4
57;4;4;6;2;5;3;6;6;3;6;3;6;4;9;4;5;4;6;1;2;4;3;8;6;4;4;6;5;5;4;4;36;59;12;1;0;1;1
58;4;7;4;6;5;5;6;6;7;5;6;3;8;4;5;4;7;4;7;6;7;6;4;3;7;7;4;4;3;6;6;50;109;21;3;1;3;3
59;6;8;6;4;7;3;6;5;6;6;5;6;5;7;5;6;4;4;4;4;5;7;5;3;7;3;4;6;7;6;6;40;80;26;3;1;2;2
60;1;7;5;4;5;4;3;3;5;5;3;4;6;7;4;5;4;6;4;5;5;6;5;3;5;5;6;4;6;5;5;36;33;21;2;1;2;2
61;1;3;4;4;3;7;8;7;5;4;6;4;7;4;4;3;5;4;7;5;7;3;5;8;7;7;5;7;3;3;5;46;121;13;0;1;4;4
62;1;4;4;3;4;8;5;4;4;1;2;4;5;7;4;4;4;7;5;4;8;3;7;5;5;6;7;4;5;9;3;35;22;23;1;1;3;2
63;4;4;5;2;6;4;5;5;3;5;2;5;4;8;5;4;5;6;3;2;4;3;7;6;4;4;5;4;4;3;3;28;39;12;0;0;1;2
64;2;2;3;1;6;5;2;3;3;4;4;4;5;5;3;4;3;9;5;2;6;2;6;7;3;5;8;2;3;1;2;23;21;9;0;1;1;4
65;5;5;5;5;4;5;5;4;3;5;5;5;5;5;8;5;3;5;7;5;7;5;3;6;8;6;5;5;8;3;5;35;53;20;1;1;3;4
66;6;5;4;3;5;6;3;4;2;4;2;5;5;6;4;5;3;7;4;2;5;4;9;6;4;5;6;3;7;5;3;28;18;13;0;1;1;3
67;1;6;4;2;6;8;3;2;4;2;4;1;5;4;6;5;3;6;6;4;8;5;5;4;5;6;6;2;4;6;4;40;25;24;2;1;3;5
68;7;5;5;4;4;6;5;5;6;3;5;6;5;4;6;6;3;4;5;6;6;4;3;5;6;5;5;5;6;3;5;44;40;22;2;1;4;4
69;8;1;8;4;7;5;7;4;5;4;3;6;5;7;7;6;3;5;4;3;7;2;5;9;5;4;6;6;7;2;4;38;65;10;0;0;3;2
70;4;4;4;6;4;7;1;7;5;4;5;3;7;4;5;3;6;4;6;6;6;3;4;7;6;6;5;7;5;4;5;37;87;17;0;1;4;5
71;5;6;7;5;8;7;7;5;9;4;6;5;6;2;8;6;3;3;8;7;7;5;1;6;8;5;3;6;8;5;7;54;103;26;1;1;4;5
72;3;4;4;2;6;3;4;5;2;8;1;5;3;8;5;4;4;7;2;2;2;3;7;6;3;3;8;3;6;3;2;23;29;12;1;0;1;3
73;5;4;5;3;6;4;4;4;3;4;3;4;5;6;5;5;4;6;6;3;5;4;6;6;5;5;6;5;4;3;4;34;36;16;1;1;1;4
74;9;4;3;5;4;5;7;7;6;6;5;3;2;5;5;4;6;4;6;5;6;3;4;6;6;6;4;6;3;4;6;53;67;14;1;0;4;4
75;4;3;4;5;5;4;6;7;5;6;6;4;6;5;4;4;7;4;6;3;5;2;4;6;7;5;5;5;3;3;6;43;113;14;1;0;3;4
76;1;5;3;4;9;5;5;5;4;5;4;4;6;5;3;5;5;6;8;4;6;4;5;5;5;6;6;5;5;5;1;33;41;16;2;1;3;4
77;2;4;6;3;5;7;4;3;4;2;3;5;4;7;6;5;4;6;5;9;6;3;6;6;3;6;7;3;5;4;2;31;37;15;0;1;3;4
78;5;4;3;5;4;6;5;5;4;5;4;4;7;5;3;4;5;5;6;9;7;4;5;7;5;7;2;6;4;3;5;38;89;13;0;1;4;4
79;3;3;4;3;3;4;4;6;3;7;2;4;2;7;1;4;6;7;4;2;3;4;8;8;3;5;8;5;3;3;3;31;34;7;0;0;2;2
80;8;6;7;4;1;4;6;6;5;6;4;6;5;4;6;7;3;5;6;5;6;6;4;3;6;5;5;5;5;5;5;36;86;17;2;1;3;3
81;1;5;4;6;3;5;6;7;5;3;5;3;7;6;5;4;7;5;4;5;6;4;5;5;6;8;1;6;4;6;5;42;69;18;1;1;3;2
82;1;5;4;1;5;8;3;2;3;3;2;4;5;6;5;5;3;7;5;4;6;4;6;6;5;6;8;2;4;3;3;22;25;16;0;1;3;4
83;2;4;4;4;5;7;4;6;9;4;3;5;5;8;4;5;4;7;3;3;6;4;8;7;3;5;7;5;5;3;3;38;58;12;0;1;3;1
84;1;6;3;3;4;3;2;3;3;5;3;2;4;7;3;3;5;8;5;2;3;5;7;4;3;5;7;2;4;6;3;32;24;18;2;1;1;2
85;5;6;4;5;6;5;5;5;5;5;5;4;7;6;3;4;5;4;6;5;6;6;5;5;7;7;4;5;3;5;6;39;80;21;2;1;3;2
86;6;4;4;3;5;4;4;4;3;7;4;4;5;6;3;3;9;7;5;3;4;4;6;6;4;5;8;4;4;3;4;40;52;11;0;0;2;3
87;7;5;5;2;6;5;3;4;3;5;2;4;5;7;4;4;3;8;4;3;3;4;7;5;2;1;7;5;4;4;3;30;24;16;1;0;1;3
88;3;5;4;5;3;6;6;4;5;4;5;3;8;4;3;3;6;4;7;6;7;6;5;4;6;6;5;7;3;5;7;46;75;24;2;1;4;3
89;2;7;3;4;6;4;3;4;4;6;4;4;6;7;5;5;6;6;5;5;5;7;6;4;5;5;7;2;4;6;4;42;82;19;1;1;2;1
90;1;5;4;3;5;3;3;4;4;5;3;4;5;5;3;5;5;7;5;4;3;5;6;5;3;5;7;2;4;4;3;30;36;17;1;0;1;3
91;8;7;3;7;5;3;6;5;6;6;6;3;7;4;5;3;6;3;6;6;4;7;2;6;6;6;3;5;5;6;6;52;88;21;2;0;3;4
92;9;6;6;4;5;3;6;4;5;8;4;5;4;4;7;6;4;5;6;8;4;5;9;4;7;4;5;7;5;5;5;40;73;17;3;0;2;2
93;5;5;5;2;6;3;2;2;9;7;3;5;6;6;4;5;5;7;6;4;3;4;5;4;5;3;6;3;5;3;2;29;47;16;1;0;1;5
94;4;5;7;4;6;7;7;6;6;2;5;6;5;6;8;8;3;5;6;6;7;6;5;4;6;5;6;4;7;4;5;48;82;24;2;1;4;2
95;2;2;4;4;6;3;5;9;4;6;5;1;5;6;3;4;5;6;6;4;3;2;5;8;5;4;7;3;4;2;3;35;89;12;0;0;2;3
96;7;4;9;6;1;4;7;8;7;6;5;3;8;3;4;3;5;3;7;5;6;3;3;7;6;5;5;6;3;4;7;47;164;17;0;0;4;3
97;6;4;4;6;3;6;6;7;5;4;5;3;7;5;5;3;7;5;5;5;6;4;4;7;6;6;6;6;5;4;5;46;126;15;0;0;4;3
98;4;3;4;2;5;6;4;3;3;5;4;4;4;6;4;1;3;8;5;3;6;3;6;7;4;4;8;4;5;3;2;24;31;14;0;1;2;3
99;9;5;6;5;6;5;4;5;3;4;3;5;4;7;5;5;3;6;5;3;5;4;6;6;5;6;7;5;4;4;4;35;32;14;1;0;3;2
100;1;3;5;3;5;4;5;4;3;7;2;4;6;7;4;5;5;7;4;2;4;2;7;7;5;5;7;6;6;2;3;33;38;10;0;0;2;2
101;2;3;3;2;6;5;4;4;4;5;4;3;5;5;4;3;3;7;5;5;5;3;5;5;4;4;7;4;4;2;3;35;34;15;1;1;2;4
102;5;6;3;5;3;6;5;5;6;6;6;3;7;4;3;4;7;5;6;5;5;6;3;5;7;5;4;6;3;6;5;50;93;20;1;1;3;4
103;9;4;5;2;5;4;4;5;4;6;3;5;4;7;4;4;5;7;4;3;5;3;7;7;3;3;8;5;4;4;3;27;27;11;0;0;2;3
104;4;5;4;3;5;5;4;4;3;5;2;5;3;8;5;4;5;7;3;3;3;4;6;4;3;3;7;5;5;5;3;35;22;17;2;0;1;2
105;8;3;4;3;5;5;5;6;4;5;3;4;5;8;6;4;5;7;3;8;5;3;5;7;4;3;7;3;4;3;2;41;57;12;0;0;3;3
106;4;5;7;5;7;4;6;5;5;6;4;7;3;5;8;7;3;4;6;4;5;5;5;5;7;3;4;6;1;5;5;37;60;21;2;0;2;2
107;6;7;3;4;5;4;3;4;4;6;4;3;7;6;4;5;5;7;6;5;5;5;6;4;4;4;7;2;5;5;4;41;61;20;2;1;2;4
108;9;6;6;5;7;4;6;5;4;4;5;6;5;5;5;8;2;5;5;5;6;6;4;3;7;4;5;6;6;5;5;43;51;28;3;1;3;3
109;4;5;3;5;4;5;6;6;6;6;6;4;8;5;4;4;7;4;6;6;5;5;3;4;9;6;5;3;6;4;6;43;273;20;1;1;4;4
110;2;6;2;5;4;5;9;5;5;4;4;4;8;7;4;3;7;5;4;5;6;5;4;4;6;5;6;4;4;7;6;46;130;20;2;0;3;2
111;6;7;6;4;6;6;6;5;5;3;6;6;4;5;5;6;3;1;5;6;6;6;5;3;6;5;5;5;6;7;5;45;110;27;3;1;4;3
112;5;7;6;5;6;7;7;6;7;3;5;8;5;6;7;7;3;5;5;7;7;7;5;3;7;6;5;6;6;6;5;52;111;27;3;1;3;2
113;1;3;5;2;6;6;3;5;3;5;2;4;3;8;4;6;4;7;2;3;6;3;7;7;3;4;7;3;4;4;2;26;32;13;1;1;1;1
114;5;4;7;4;8;4;7;6;6;6;5;7;3;5;6;1;3;4;7;5;5;3;4;6;7;5;5;5;6;4;5;42;81;18;1;0;3;4
115;1;4;5;2;5;7;3;4;3;3;3;4;5;2;4;5;4;8;5;3;8;4;5;6;4;6;7;4;3;4;3;34;26;17;0;1;3;5
116;9;5;5;4;7;4;5;4;4;6;4;6;5;6;5;5;4;5;4;3;4;4;5;5;6;9;6;5;5;3;4;36;48;17;1;0;3;2
117;6;5;5;5;5;5;7;6;6;6;6;5;6;4;4;5;4;4;8;7;5;5;4;5;8;4;3;4;4;5;7;44;112;22;1;1;4;3
118;5;3;9;3;9;2;4;4;4;8;3;5;5;5;4;5;4;7;6;2;2;8;6;5;5;2;7;5;3;2;3;33;35;16;1;0;1;3
119;7;5;5;3;5;5;5;5;3;5;4;5;5;7;4;7;5;7;4;5;5;4;5;4;5;3;6;2;5;4;3;38;31;20;1;0;3;3
120;4;5;5;3;6;3;3;4;3;9;2;5;5;7;4;5;3;7;4;4;1;4;6;6;4;1;7;2;4;5;3;24;28;12;0;0;1;3
121;3;6;3;5;5;4;5;5;6;7;4;4;7;6;3;3;6;5;5;5;4;5;6;5;1;5;4;4;3;6;5;39;80;16;1;0;3;3
122;4;3;4;3;6;5;4;5;1;6;3;5;5;6;4;4;5;6;3;2;5;2;6;7;3;4;8;5;5;4;3;30;32;11;0;0;3;3
123;3;8;5;4;6;4;5;4;5;7;5;6;5;6;6;7;4;6;5;6;5;7;6;3;7;3;5;5;6;7;5;45;47;26;3;1;2;2
124;4;4;3;4;3;3;5;5;6;6;4;4;6;5;4;4;6;4;6;5;3;3;5;7;6;5;5;4;3;4;6;43;68;10;0;0;3;4
125;6;2;5;3;6;6;5;5;9;4;3;6;4;6;5;5;4;6;4;5;7;2;5;7;5;6;7;5;6;2;2;39;49;11;0;0;3;3
126;1;4;6;3;7;4;4;4;4;6;4;5;5;5;7;5;4;6;5;4;5;5;5;6;6;6;6;4;6;3;3;41;34;16;1;1;2;4
127;5;3;3;3;4;5;4;5;5;7;4;9;6;6;5;3;5;6;4;3;4;3;5;8;4;3;7;3;5;3;4;32;56;14;0;0;2;4
128;3;4;4;4;6;4;4;3;3;4;4;6;5;6;6;3;4;6;6;3;5;3;6;6;5;4;6;4;4;4;3;36;27;13;1;1;2;3
129;8;5;6;5;7;5;7;5;6;5;7;5;5;3;7;8;4;3;8;5;5;6;3;5;8;4;3;6;6;4;6;54;102;22;2;1;4;5
130;5;5;5;3;5;4;3;4;2;4;3;5;4;7;5;5;3;9;5;4;4;4;7;5;9;4;8;4;6;3;3;32;33;15;2;1;1;3
131;1;5;3;6;5;6;5;4;4;4;6;4;6;4;4;3;5;5;6;5;5;5;4;5;5;6;5;5;4;4;5;43;52;22;1;1;3;3
132;7;5;4;5;5;6;6;5;4;4;9;4;6;5;4;5;5;5;5;6;7;5;5;6;6;6;6;6;4;5;5;42;70;24;1;1;4;2
133;9;6;4;6;4;6;6;7;5;5;5;3;7;7;3;3;6;5;4;5;6;5;6;5;6;8;4;1;5;6;6;50;124;19;1;0;3;1
134;8;4;6;4;5;5;5;6;4;6;2;5;4;8;4;4;4;6;2;5;4;4;7;7;4;5;7;5;6;4;3;42;58;10;0;0;3;2
135;9;3;5;3;6;3;6;6;5;8;4;4;5;8;5;6;5;6;3;3;1;3;6;6;9;3;7;6;4;2;4;46;131;13;0;0;1;1
136;1;2;3;6;3;4;1;6;6;8;6;4;7;3;3;4;6;3;7;5;5;3;3;7;8;5;4;7;5;3;6;31;78;13;0;0;3;5
137;9;3;3;6;3;2;9;9;7;8;1;9;7;6;3;3;7;3;5;5;4;4;4;7;7;4;4;7;4;3;6;46;134;11;0;0;3;2
138;5;4;5;5;4;7;7;7;7;4;5;4;7;6;6;5;6;4;5;5;1;4;6;6;6;7;5;8;4;4;3;56;129;18;1;1;4;2
139;8;5;7;3;7;8;5;4;4;4;4;7;5;3;6;6;2;4;7;5;7;4;3;5;6;5;5;5;5;5;5;31;39;22;2;1;4;4
140;6;4;6;4;8;4;7;5;5;6;5;6;5;5;7;6;4;3;6;5;6;5;5;6;6;5;1;7;5;4;5;43;73;19;1;0;3;3
141;6;5;7;3;7;5;5;5;5;4;8;6;3;5;6;7;2;5;5;5;5;4;4;4;5;4;5;6;8;3;4;37;35;22;2;1;3;4
142;5;4;3;6;4;6;5;7;6;5;6;3;8;3;3;3;7;5;7;5;8;4;3;7;7;7;4;6;1;4;9;46;181;17;0;1;4;4
143;5;3;5;3;7;4;5;1;3;6;3;5;3;8;7;5;4;6;4;4;5;3;6;6;4;4;7;5;5;3;3;28;26;14;0;0;2;3
144;7;4;4;3;4;6;5;5;4;4;4;4;1;8;5;5;4;6;4;3;4;4;6;7;3;6;6;6;4;3;4;34;45;13;1;1;2;2
145;7;3;5;5;5;7;7;4;5;4;5;4;6;4;7;5;4;2;7;3;8;4;3;6;6;6;6;4;7;3;5;47;40;19;0;0;4;5
146;3;6;4;2;6;8;5;4;2;4;1;4;4;9;5;5;4;6;1;3;8;5;8;5;2;7;7;6;6;5;3;34;24;15;1;1;3;1
147;1;7;6;5;6;6;6;5;7;3;5;7;6;4;1;7;4;4;6;6;6;6;4;3;7;6;3;5;7;6;6;43;68;23;3;1;3;3
148;1;6;6;4;5;8;6;4;5;2;6;5;5;5;7;6;5;4;7;7;8;7;5;6;6;7;4;6;7;6;6;47;65;25;2;1;4;3
149;4;5;5;2;5;6;5;9;3;3;3;5;5;6;5;5;5;6;4;3;6;4;7;6;5;7;6;5;7;6;4;39;71;16;0;1;3;2
150;3;4;5;3;5;4;5;7;5;5;4;6;5;6;4;4;3;6;5;3;5;3;1;5;5;4;7;4;5;4;3;33;72;17;1;0;3;4
151;5;5;4;6;5;4;6;5;6;6;5;4;5;4;6;4;5;4;6;4;5;4;3;5;7;4;5;7;5;4;6;44;64;15;1;0;3;4
152;4;3;5;2;6;4;3;1;2;5;2;4;4;6;4;6;3;7;7;4;5;2;4;6;5;5;8;4;5;3;3;23;21;13;0;0;2;5
153;9;6;6;5;7;4;7;5;6;6;5;7;5;6;7;6;4;5;3;4;4;5;6;3;5;4;5;6;5;6;5;53;53;24;2;0;3;1
154;6;5;6;5;6;4;7;8;6;5;5;5;6;6;6;6;4;4;5;4;5;4;5;6;6;5;5;7;5;5;5;38;105;21;1;0;3;2
155;1;4;3;4;4;6;5;6;6;5;5;3;7;5;3;3;5;5;5;1;7;3;5;5;6;8;6;4;3;3;4;42;66;20;1;1;3;2
156;3;3;4;2;6;7;5;5;4;2;3;4;5;7;6;5;1;7;3;3;7;2;6;6;3;6;2;3;7;4;3;24;24;17;1;1;2;3
157;9;7;6;6;7;6;8;8;6;4;6;7;4;7;7;7;4;4;3;6;6;7;6;3;8;4;4;6;9;6;6;50;140;26;3;1;4;1
158;4;4;4;4;6;4;3;3;3;6;3;4;5;4;6;5;3;7;6;4;3;4;6;7;4;4;8;3;4;3;3;26;35;14;0;0;2;4
159;7;4;4;5;3;4;7;7;5;5;4;3;7;6;3;3;6;5;4;6;4;4;5;6;5;4;5;7;5;4;4;45;79;12;0;0;4;2
160;7;5;6;5;7;4;8;8;6;5;5;5;5;6;5;5;5;5;3;6;5;5;7;4;6;5;4;6;1;5;5;56;128;18;2;0;2;1
161;7;6;7;5;6;4;5;4;6;6;5;7;4;6;7;6;2;1;5;5;5;4;5;5;4;4;4;5;7;5;6;40;66;21;2;0;3;1
162;4;3;3;5;4;3;6;1;6;8;5;4;7;5;4;3;6;5;7;5;4;4;4;7;5;4;6;5;9;2;6;42;72;15;1;0;3;5
163;9;3;6;5;6;3;6;6;6;6;5;7;5;3;6;8;3;4;8;4;5;3;3;6;8;3;5;6;7;3;6;42;76;16;1;0;3;5
164;2;6;4;2;5;3;2;3;3;6;3;3;5;6;5;4;5;7;4;2;3;4;6;4;4;3;6;3;5;5;3;31;27;18;1;0;1;4
165;6;6;4;5;6;5;5;4;6;5;4;5;7;4;7;5;5;4;7;5;6;6;4;4;6;5;4;6;4;6;6;41;70;23;2;1;3;5
166;6;1;5;1;4;5;4;4;3;3;3;4;5;6;6;5;4;7;6;1;5;1;6;9;3;4;9;4;4;9;2;30;23;15;0;0;2;4
167;6;4;4;6;4;6;6;5;6;6;6;2;8;4;5;3;9;4;6;5;6;3;4;7;7;6;5;5;5;4;6;54;189;15;0;0;4;5
168;9;4;3;5;4;3;6;6;5;6;6;4;7;5;3;3;4;4;6;6;4;4;4;7;6;3;6;5;5;4;5;44;102;16;0;0;3;4
169;1;6;4;3;5;6;4;4;4;5;5;3;6;7;5;3;6;6;4;3;5;4;6;6;5;6;6;3;3;5;1;31;46;15;1;1;2;2
170;5;5;3;7;2;5;6;8;5;5;5;2;6;8;4;3;7;5;4;5;6;4;5;5;5;6;5;5;4;5;6;53;113;17;1;0;2;1
171;8;2;5;5;6;6;8;7;7;5;5;6;6;5;5;6;6;2;6;6;6;2;4;8;6;7;6;5;6;3;7;55;133;17;0;0;4;4
172;1;5;4;4;6;6;4;3;5;3;3;4;6;7;4;5;4;7;5;4;6;5;6;6;3;5;7;3;3;5;4;35;31;17;0;1;2;4
173;2;5;4;2;4;6;3;4;4;5;3;5;4;8;5;4;4;8;4;5;5;4;7;6;4;5;7;3;4;5;5;30;45;16;0;1;2;2
174;9;6;6;4;8;6;6;5;8;5;5;6;4;7;7;6;4;5;4;4;6;6;7;6;5;5;3;1;6;6;5;50;89;20;1;1;2;1
175;5;6;4;4;3;6;6;5;5;3;4;5;6;6;2;3;6;5;4;6;6;6;6;1;6;7;6;4;5;6;5;49;96;23;3;1;4;3
176;9;5;9;4;7;5;6;4;5;6;6;7;5;4;8;6;3;4;8;5;5;5;3;6;6;5;4;6;5;4;5;46;72;24;1;0;3;5
177;4;5;2;6;3;6;6;5;5;4;5;3;9;5;4;2;6;5;6;5;7;5;4;5;6;6;5;4;4;3;6;55;100;21;1;1;3;3
178;9;9;5;4;7;4;5;5;6;6;5;6;5;6;5;5;3;4;5;5;4;8;4;2;7;3;5;5;6;7;6;42;70;28;3;1;3;3
179;7;6;5;5;1;7;6;5;7;3;5;6;5;5;7;6;2;4;6;6;6;5;6;4;7;6;5;9;5;6;6;53;63;23;3;1;4;2
180;1;5;1;6;3;6;6;6;6;3;6;2;9;5;2;2;7;4;6;6;7;5;5;6;5;7;5;6;4;5;6;55;130;17;1;1;4;3
181;3;6;4;4;4;6;4;5;5;5;4;4;5;5;5;4;5;5;5;4;6;5;6;3;6;4;6;5;5;5;8;40;44;18;2;1;3;3
182;1;2;4;1;5;6;2;3;1;5;2;3;4;7;5;4;4;8;5;2;5;2;6;7;3;5;9;2;3;2;2;19;21;9;0;0;2;4
183;7;4;6;4;6;5;6;6;5;6;4;6;4;6;6;5;2;5;6;4;5;4;4;5;6;4;6;5;8;4;5;36;47;18;1;1;3;3
184;1;3;4;4;3;4;4;6;5;5;5;4;6;3;3;3;5;5;7;4;5;3;4;7;6;5;5;6;5;3;5;35;55;13;0;0;3;5
185;9;9;6;4;8;5;6;5;5;4;5;7;4;5;7;7;3;4;7;3;6;7;3;5;7;4;4;6;6;4;5;39;51;23;2;1;3;5
186;1;4;5;3;7;4;4;2;3;5;5;4;5;4;5;5;3;7;8;8;5;4;4;7;5;4;7;3;6;4;4;31;42;18;0;1;3;5
187;3;4;3;6;2;4;6;6;6;5;5;3;7;3;4;3;5;5;7;4;6;5;3;6;5;5;6;5;2;3;5;40;93;16;1;1;3;4
188;7;3;5;2;5;5;3;1;3;6;2;5;4;7;6;4;4;8;4;2;5;3;6;6;3;4;9;3;5;4;3;28;18;13;1;0;1;3
189;3;3;5;2;5;3;2;2;3;8;3;5;3;5;5;6;3;8;5;2;4;3;6;7;4;1;7;3;4;4;2;23;15;12;1;0;1;4
190;1;7;3;5;5;4;7;6;8;8;6;3;8;6;5;1;7;4;6;6;4;6;3;5;7;3;3;5;3;5;7;52;226;23;2;0;3;3
191;9;4;7;4;7;5;6;4;4;5;6;7;5;3;6;7;3;4;7;4;6;4;4;5;7;6;6;6;8;4;5;44;71;23;2;0;4;5
192;6;5;3;4;3;1;1;5;6;8;9;3;7;6;5;3;6;4;5;5;2;3;6;5;5;4;6;6;5;5;5;35;92;18;1;0;2;2
193;1;7;3;3;5;7;3;3;4;4;3;3;6;6;5;5;5;6;5;3;6;5;7;3;1;5;7;3;3;7;3;30;22;19;2;1;3;2
194;3;3;6;3;5;6;4;3;4;3;3;4;5;5;4;4;8;7;5;4;6;3;4;7;4;7;7;6;4;3;2;37;32;14;0;0;3;4
195;9;7;6;4;7;4;6;7;6;6;5;6;4;6;7;7;3;4;4;6;4;5;6;3;7;4;3;5;6;6;5;45;131;27;3;0;2;1
196;1;3;4;3;6;4;4;4;3;5;3;5;6;6;5;3;4;6;4;4;5;3;6;8;3;5;7;5;5;3;3;28;31;9;0;0;2;3
197;9;4;4;2;6;5;3;4;4;5;2;5;4;7;6;3;4;7;4;4;5;4;6;5;5;5;7;4;6;3;3;28;42;15;0;0;2;4
198;6;3;8;4;7;5;8;8;5;4;5;7;5;6;9;6;3;4;6;5;7;4;5;8;6;5;5;6;7;3;5;39;68;15;0;0;4;4
199;9;6;6;6;7;8;6;6;6;3;6;6;7;5;9;5;4;4;7;7;1;6;4;5;6;9;5;5;6;7;6;53;123;32;1;1;4;3
200;1;5;3;5;3;5;5;4;6;5;6;3;7;3;4;4;5;5;9;4;6;4;3;6;5;5;6;3;4;4;6;41;83;16;1;1;3;5
201;8;4;6;5;7;3;7;6;4;5;6;5;4;4;6;7;2;4;6;6;5;4;4;6;7;3;1;6;5;4;6;41;77;21;1;0;3;3
202;4;4;9;3;5;3;2;2;4;6;3;4;6;3;3;4;4;8;5;2;3;3;3;7;5;2;8;3;4;3;4;28;18;9;0;1;2;5
203;8;7;3;6;3;4;6;6;5;5;6;3;7;6;3;4;6;5;5;5;5;6;6;3;5;7;4;6;3;6;5;47;86;21;2;1;3;1
204;2;4;5;2;5;4;5;3;1;3;2;5;4;7;5;4;5;6;3;4;4;4;7;4;4;4;7;5;5;3;3;28;29;16;1;0;2;3
205;1;4;4;6;4;7;7;8;7;4;6;3;9;5;3;4;6;4;7;6;9;4;3;5;6;7;5;8;3;5;6;51;93;17;2;1;4;4
206;1;5;3;6;3;9;7;5;7;1;6;4;8;5;5;3;7;4;7;5;9;4;4;5;7;9;6;5;5;6;5;54;138;22;1;1;4;4
207;2;4;5;3;4;8;4;4;5;4;3;6;5;8;4;4;5;7;2;3;7;4;6;5;3;6;7;4;6;4;3;37;36;17;1;1;3;2
208;9;3;4;5;3;3;7;7;6;7;5;4;7;6;5;4;7;3;6;6;5;4;5;6;5;6;5;9;4;3;6;46;78;12;1;0;3;3
209;7;1;5;3;6;6;5;5;3;4;2;3;4;6;6;4;3;7;5;2;6;1;6;8;3;3;8;5;6;1;3;32;35;9;0;0;2;3
210;9;4;6;9;6;4;5;7;2;5;4;5;4;9;7;5;4;7;3;4;5;4;8;7;5;3;7;6;5;4;3;36;66;13;0;0;2;1
211;3;6;3;5;4;5;6;6;1;6;6;3;7;7;3;3;9;5;6;5;6;6;6;5;7;6;4;5;5;5;6;41;98;21;1;1;3;3
212;1;4;6;4;7;4;7;6;5;4;4;6;5;1;5;6;3;4;6;5;5;4;3;7;6;4;5;5;7;2;5;44;77;14;0;1;3;5
213;6;4;4;2;4;4;3;3;2;5;2;5;2;7;6;5;5;7;1;2;4;4;7;7;3;3;8;2;5;4;3;27;23;13;1;0;1;3
214;7;3;3;5;4;3;6;5;6;6;5;3;7;4;3;3;6;5;7;6;4;3;2;7;7;6;6;5;4;3;5;45;108;13;0;0;4;5
215;6;3;5;5;6;6;7;6;6;6;6;4;5;6;5;4;6;5;5;4;5;3;4;6;6;7;6;8;4;4;6;51;78;18;1;0;4;3
216;4;4;6;4;5;5;5;4;3;4;4;6;4;6;5;5;3;5;4;3;6;3;6;6;5;5;6;3;4;3;1;36;31;19;0;0;3;2
217;8;6;3;6;4;5;8;8;7;7;5;3;7;8;4;2;7;4;2;6;5;5;6;5;5;5;6;8;3;5;5;53;158;18;1;0;4;1
218;5;3;7;5;7;8;8;7;6;3;4;7;5;6;6;6;3;4;4;5;9;3;5;7;6;7;6;6;6;4;4;47;91;18;0;1;4;2
219;3;6;4;4;6;8;5;4;4;2;3;4;6;9;5;5;4;7;2;4;6;5;8;4;3;8;8;9;3;5;2;35;28;19;2;1;3;1
220;2;5;2;5;5;7;6;8;6;5;7;2;8;5;3;2;1;5;5;5;6;5;5;5;6;6;2;4;4;5;5;38;81;21;1;1;3;2
221;2;4;7;4;6;4;7;5;5;5;4;7;3;6;6;6;3;2;4;4;4;3;5;6;6;5;5;7;7;4;8;44;87;16;1;0;3;3
222;4;2;5;3;6;5;4;4;4;5;2;4;4;7;6;5;5;7;5;3;5;2;6;8;4;3;9;5;4;1;3;34;24;7;0;0;2;4
223;5;3;4;5;5;5;6;6;7;6;5;4;8;5;5;3;5;4;6;6;6;4;5;7;5;5;5;6;3;4;6;47;122;13;0;0;4;3
224;2;4;5;2;6;5;4;3;3;6;3;4;5;6;4;5;3;7;4;4;5;4;8;5;5;4;6;4;5;3;3;29;26;15;1;0;1;3
225;5;5;3;6;3;4;7;7;6;8;6;3;7;5;5;4;6;4;5;6;5;4;4;7;7;6;4;7;3;4;7;57;142;14;0;0;3;3
226;7;4;4;3;1;5;4;4;3;4;2;5;4;7;4;4;5;6;4;3;6;4;7;8;4;5;7;5;5;4;3;28;19;11;0;0;2;3
227;2;7;5;5;6;6;6;5;7;4;6;6;5;5;5;7;3;4;6;7;6;7;5;3;6;7;5;6;5;6;6;38;92;30;4;1;4;2
228;3;3;5;3;6;7;3;4;2;3;3;1;6;1;5;4;3;7;6;4;7;3;5;7;5;6;8;3;5;3;3;24;47;15;0;1;3;5
229;7;4;7;4;7;5;7;5;5;5;5;6;5;4;8;7;3;4;6;6;5;4;3;5;7;4;5;5;8;3;6;37;70;21;2;0;4;4
230;5;1;5;2;5;3;4;4;4;6;3;4;5;6;4;4;4;7;5;2;3;2;7;9;4;4;9;4;4;2;9;31;49;8;0;0;3;5
231;8;4;5;4;6;3;4;5;4;6;4;4;5;4;5;5;1;6;5;3;4;3;5;7;4;3;8;3;4;3;4;34;39;13;0;0;2;4
232;4;6;3;6;5;4;5;4;7;5;7;5;7;4;4;5;6;4;7;4;5;5;3;4;7;5;4;4;4;5;6;45;50;23;2;1;3;4
233;1;4;3;4;3;4;5;4;6;6;4;3;7;5;4;2;5;6;7;5;3;4;3;6;5;4;6;6;3;4;4;42;41;16;1;0;3;4
234;3;6;3;8;5;6;6;6;3;5;4;3;6;8;5;4;6;5;4;5;5;6;5;5;5;6;6;5;4;5;5;52;86;16;1;1;3;1
235;6;6;4;7;6;6;6;6;5;5;6;4;7;5;3;3;6;4;5;5;6;6;5;5;5;5;5;5;3;5;5;49;97;18;1;1;4;2
236;6;4;3;3;4;5;5;6;5;5;4;3;7;4;2;3;6;6;5;5;5;9;4;7;4;4;6;5;4;4;3;41;69;17;0;1;3;5
237;8;8;3;6;3;2;7;6;6;7;6;3;8;6;5;5;6;4;4;4;3;7;5;2;8;3;4;5;2;6;7;60;200;18;3;0;2;1
238;9;4;7;4;6;4;8;7;7;4;5;6;5;6;6;7;3;4;6;3;5;3;5;6;6;5;5;6;5;4;6;46;108;17;1;0;3;2
239;1;6;4;3;6;6;3;2;3;5;4;4;6;5;4;5;4;7;6;4;4;4;6;5;6;6;7;2;3;4;3;40;37;16;1;1;3;3
240;8;4;7;5;7;5;6;5;6;5;5;6;5;5;6;6;3;4;6;6;5;5;4;5;6;6;5;6;5;3;6;41;93;20;2;0;4;4
241;7;4;6;2;6;4;4;4;4;6;4;5;3;5;6;6;2;6;4;3;4;3;6;5;5;3;7;4;5;2;4;37;30;19;1;0;2;3
242;9;7;7;5;7;6;7;6;7;4;5;7;5;5;6;7;4;3;5;7;6;6;4;3;7;6;4;6;7;5;7;48;138;21;3;1;4;3
243;8;5;6;5;7;5;7;7;5;4;6;5;4;6;7;6;4;4;4;5;6;4;4;5;8;5;4;7;6;8;5;47;84;24;2;1;3;2
244;1;3;4;3;6;6;3;4;3;4;4;3;5;6;4;4;5;8;4;5;6;2;7;7;3;7;7;4;4;3;3;30;26;10;0;1;3;3
245;5;7;2;6;3;7;6;6;6;4;5;3;8;7;2;4;8;5;4;5;7;6;6;5;5;7;6;7;4;8;6;57;120;20;2;1;4;2
246;2;4;4;8;5;5;3;4;4;6;2;5;6;6;6;4;3;9;6;3;4;4;6;6;6;5;7;3;6;4;3;30;46;14;2;0;1;4
247;3;6;5;4;5;4;5;6;3;6;3;5;5;9;5;6;4;6;2;4;4;4;8;5;5;3;5;6;6;4;4;40;74;17;1;0;2;1
248;5;4;2;5;1;8;6;6;5;4;6;3;7;7;2;3;7;5;9;4;7;4;8;7;6;7;6;6;4;5;5;48;88;18;0;1;4;3
249;8;5;4;3;4;6;4;3;4;4;3;5;5;7;4;5;4;6;4;3;6;4;6;5;4;4;8;3;9;5;4;32;27;20;1;1;3;4
250;5;6;4;2;4;4;2;2;4;5;3;3;2;5;6;4;4;7;5;4;3;4;5;5;2;3;8;2;3;5;3;31;19;20;1;1;2;4
251;4;6;2;5;3;3;5;7;5;5;5;3;7;6;2;2;6;5;4;4;5;7;5;5;5;5;3;6;2;7;5;40;73;21;1;1;2;1
252;4;3;4;2;6;3;5;4;4;8;3;5;5;5;6;4;3;7;6;2;4;2;6;6;3;4;6;3;4;3;4;30;35;15;0;0;1;4
253;8;4;6;5;6;6;6;6;6;4;4;6;5;5;5;7;4;4;6;6;7;4;5;7;6;5;6;7;7;3;5;45;59;16;1;0;4;4
254;6;5;7;5;6;7;7;5;5;4;9;7;3;5;6;7;3;3;5;5;7;4;5;6;7;5;4;8;7;5;5;43;80;25;1;1;3;2
255;8;7;6;4;7;6;6;4;6;4;4;6;1;7;8;7;3;4;5;6;7;5;6;4;6;5;5;6;8;6;5;47;70;22;3;1;3;2
256;3;3;5;4;6;7;6;4;5;3;3;5;6;6;4;4;4;7;5;3;6;2;7;8;4;5;6;6;4;3;4;32;31;12;0;1;3;3
257;3;7;4;6;5;9;6;4;6;5;6;3;7;4;5;4;6;4;6;5;4;6;3;4;6;6;4;6;3;7;9;52;100;24;2;1;4;3
258;9;4;5;2;7;1;4;5;2;8;3;6;4;8;6;5;4;7;2;3;1;3;7;6;3;2;7;4;5;3;3;27;36;11;0;0;1;1
259;5;5;4;3;5;3;5;7;2;8;4;4;6;7;4;3;4;7;4;2;3;8;6;5;4;4;7;5;3;4;4;35;55;17;1;0;1;2
260;3;4;5;5;6;2;5;5;5;7;4;6;5;3;5;6;4;4;7;5;4;3;2;5;8;2;7;5;6;3;6;37;54;18;1;0;2;5
261;1;4;4;6;5;5;7;7;7;4;6;3;8;3;5;4;5;4;7;5;6;4;4;6;7;6;5;5;4;5;6;52;229;20;1;1;3;4
262;5;6;2;6;3;3;6;5;4;6;5;3;8;5;3;4;7;4;5;5;4;6;5;3;5;4;5;6;4;6;6;41;104;20;1;1;2;3
263;5;7;4;6;5;7;6;5;5;4;6;4;6;6;4;4;6;4;5;6;5;6;4;4;5;7;6;1;3;6;6;55;80;23;2;1;4;3
264;6;4;5;3;6;4;6;6;3;6;2;5;1;8;7;6;4;6;3;3;3;3;7;5;5;4;8;3;7;3;3;33;67;12;1;0;1;3
265;3;5;2;6;2;5;6;6;5;4;6;4;8;4;4;2;7;4;6;6;6;4;4;7;7;9;4;7;3;5;6;44;138;18;0;1;4;3
266;8;6;7;6;6;8;7;5;5;3;5;6;6;3;6;7;2;4;7;5;7;6;4;3;8;6;5;6;7;5;8;50;83;26;4;1;4;4
267;6;4;4;2;6;5;3;4;3;4;3;4;5;6;5;5;4;7;5;2;6;4;7;5;4;4;7;4;4;3;2;29;17;16;1;1;2;4
268;5;2;4;2;5;3;5;7;4;7;3;3;5;7;3;3;4;7;3;1;3;2;6;9;2;2;8;4;5;2;3;25;47;8;0;0;2;3
269;7;7;6;6;7;7;8;7;8;3;6;6;6;7;7;6;4;2;5;6;7;7;4;3;7;6;4;7;6;5;6;58;167;28;4;1;4;1
270;5;4;4;4;4;6;5;5;3;5;4;2;5;6;3;4;4;6;5;3;6;4;6;5;4;5;6;3;4;3;3;38;51;12;1;0;3;2
271;5;4;4;4;5;4;5;5;6;6;5;3;6;4;3;4;5;4;7;6;5;5;5;7;7;5;5;4;3;4;6;39;120;14;0;1;3;4
272;9;7;3;5;4;3;5;4;4;6;5;5;7;6;3;4;5;5;5;5;4;6;6;3;5;3;4;3;5;6;5;40;60;19;3;0;2;2
273;5;2;3;6;4;5;5;6;3;6;6;4;7;3;5;3;6;4;9;3;5;3;3;7;6;5;5;5;5;3;5;43;55;18;0;0;4;5
274;8;5;4;3;5;6;4;4;4;5;4;9;5;7;6;6;5;6;4;3;5;5;5;4;4;4;7;3;6;4;4;36;22;21;1;1;3;3
275;8;5;7;5;6;3;6;4;5;6;5;7;5;4;8;7;3;5;6;8;4;6;4;4;6;2;3;7;7;4;5;41;73;23;2;0;3;3
276;3;6;3;6;3;6;6;6;6;4;6;3;9;3;3;4;7;4;6;7;4;6;4;4;7;6;4;6;3;4;7;49;132;22;2;1;4;4
277;6;5;6;5;7;5;7;6;5;6;6;6;5;4;7;6;5;3;6;4;4;6;4;5;7;5;5;6;6;4;6;48;85;21;2;0;4;5
278;7;6;4;5;7;3;5;5;5;8;6;6;6;3;1;6;4;4;8;4;3;6;3;5;6;2;5;4;6;4;1;39;42;18;1;0;3;5
279;1;4;8;3;6;5;4;3;3;5;4;4;5;3;5;6;3;5;7;5;4;4;3;6;5;5;6;4;6;2;5;36;30;19;0;1;2;5
280;9;7;7;5;8;3;6;5;4;7;5;7;4;5;6;7;3;4;5;6;4;7;4;4;6;5;5;4;7;5;5;44;56;25;3;1;3;4
281;2;6;3;4;4;4;5;6;4;5;5;2;7;6;3;2;5;5;4;6;4;5;5;5;5;5;5;4;4;6;6;38;113;20;2;1;2;2
282;6;4;5;3;6;5;4;4;3;4;3;5;6;6;5;5;3;1;3;2;5;2;6;6;4;5;7;5;5;2;3;38;32;13;1;0;2;2
283;9;4;7;6;7;3;8;6;6;5;7;8;4;3;7;7;3;3;7;6;6;4;2;5;6;5;5;6;7;4;6;46;78;24;2;0;4;3
284;3;4;7;6;7;9;8;6;7;1;6;7;6;1;6;6;4;3;7;6;9;4;3;6;7;8;5;6;5;6;7;47;112;22;1;1;4;5
285;4;5;4;5;4;6;7;7;6;3;5;3;6;7;3;4;5;4;4;6;7;4;5;6;5;6;6;5;2;5;6;53;124;17;0;0;4;1
286;1;5;5;4;5;6;4;3;4;4;3;3;5;5;6;5;3;7;5;3;6;5;5;5;4;5;7;4;5;3;4;33;21;17;1;1;3;4
287;4;3;4;2;6;5;4;3;3;3;3;4;5;5;4;5;4;7;5;3;6;3;5;6;5;4;7;3;5;3;3;29;22;15;0;0;3;5
288;2;4;3;6;5;5;6;5;5;6;6;3;7;5;4;5;6;5;6;5;5;5;4;5;6;5;4;6;3;3;5;45;105;18;1;0;3;3
289;9;7;6;5;6;3;7;6;4;7;6;8;6;6;7;7;5;4;5;6;4;6;4;4;7;6;4;8;5;6;7;47;101;24;3;0;3;2
290;9;4;6;3;7;6;5;4;4;3;3;7;4;8;6;5;2;7;3;2;5;4;8;6;5;4;8;5;5;4;3;35;38;16;1;1;2;1
291;9;7;6;5;8;6;8;6;7;9;6;6;5;6;8;7;4;4;4;6;5;6;6;3;7;5;1;8;6;6;6;49;164;25;4;1;3;1
292;2;3;5;4;6;5;4;4;4;5;4;3;6;6;4;4;4;6;6;4;5;3;7;7;5;6;7;3;3;3;4;36;39;11;0;1;3;3
293;5;4;5;3;6;4;4;5;4;7;4;4;4;6;4;5;5;6;4;3;4;4;7;7;4;3;7;6;6;4;4;39;30;13;0;0;2;3
294;7;5;6;4;8;5;5;4;5;5;8;7;4;2;7;6;2;5;7;5;5;4;2;4;6;4;6;3;7;4;5;36;43;28;3;1;4;5
295;5;4;6;4;7;6;7;4;7;4;6;6;4;5;5;6;4;4;7;5;7;4;5;7;7;7;4;7;7;3;5;43;96;22;1;1;4;5
296;7;4;4;3;5;4;4;3;3;5;3;5;6;5;5;5;3;6;6;4;4;3;5;7;5;4;6;4;5;3;3;32;62;13;0;0;2;5
297;4;4;2;5;4;6;6;7;5;3;5;3;8;6;3;3;6;5;5;9;7;4;6;6;6;5;6;9;2;3;5;45;186;14;0;0;4;3
298;8;5;6;6;7;4;7;5;6;6;5;6;5;6;7;6;4;3;5;6;5;6;5;5;8;4;4;8;8;5;6;48;105;18;2;0;3;2
299;7;7;7;5;9;7;7;5;5;4;5;7;4;6;7;9;2;4;5;6;8;6;5;3;7;5;3;5;6;7;8;47;83;30;3;1;4;1
300;7;7;3;6;4;5;5;6;4;4;5;3;8;5;3;3;6;5;6;5;6;6;6;3;5;6;1;5;2;6;5;46;50;18;2;1;3;2
301;8;4;7;5;6;5;8;6;5;6;6;6;5;5;7;7;4;4;9;6;6;4;4;5;7;6;6;8;5;3;6;48;82;20;1;1;4;4
302;1;2;5;3;5;6;4;3;4;3;3;4;6;4;5;3;4;6;6;4;6;1;5;7;5;5;7;4;2;2;4;30;49;8;0;1;3;5
303;5;5;4;6;4;2;6;7;6;7;6;3;7;3;4;4;4;4;8;6;3;5;2;6;7;3;3;6;4;4;7;42;133;18;1;0;2;5
304;9;5;6;5;6;6;8;7;1;5;6;7;4;5;8;8;4;3;6;5;6;5;4;4;8;5;5;6;8;5;6;50;81;22;2;0;4;4
305;9;4;6;3;6;1;4;3;3;8;2;6;3;7;5;6;5;7;3;2;2;3;6;6;4;2;7;5;5;3;3;26;22;10;1;0;1;2
306;2;3;5;6;5;7;6;5;5;5;4;4;6;5;6;4;5;4;6;5;7;3;3;6;6;8;5;5;4;4;5;43;95;18;0;1;4;4
307;9;5;6;5;6;4;6;5;5;4;4;6;5;5;5;7;3;5;5;3;5;4;5;6;6;6;4;6;6;5;5;39;48;17;1;0;3;3
308;8;8;6;4;6;7;6;5;5;3;4;7;5;7;6;6;5;4;3;5;7;7;7;2;5;6;3;7;5;7;5;52;53;23;4;1;3;1
309;4;7;3;5;3;4;6;6;6;5;6;3;7;8;2;4;7;5;4;6;4;7;6;4;5;6;5;5;4;6;5;47;104;21;2;1;3;1
310;1;7;3;4;3;4;4;5;3;4;5;3;6;5;2;4;6;7;6;4;6;6;6;3;4;6;4;2;2;6;4;37;53;22;2;1;2;3
311;4;4;5;2;4;6;5;6;4;5;3;5;5;7;6;4;5;7;4;4;5;3;1;6;5;6;7;5;6;4;4;33;48;16;0;1;3;5
312;4;4;5;3;5;5;4;3;5;4;4;5;6;7;6;5;3;7;3;4;6;4;7;5;4;4;7;3;5;3;2;35;43;16;1;1;2;2
313;3;3;6;2;6;3;3;3;3;6;2;9;4;5;7;6;3;7;5;2;2;3;9;7;5;3;7;4;4;2;3;21;26;8;0;0;1;2
314;5;6;5;4;6;6;6;4;5;4;4;5;6;5;5;7;3;5;4;4;5;6;4;5;7;5;4;4;6;4;6;37;61;21;1;1;3;3
315;1;4;6;3;6;6;4;4;2;4;3;4;5;6;4;4;4;7;5;3;6;3;5;7;3;7;7;3;5;4;3;30;22;17;0;1;3;4
316;8;4;6;4;7;9;6;6;5;6;4;6;4;1;7;5;3;5;5;4;6;3;5;6;6;4;7;6;5;4;5;46;59;16;2;1;4;4
317;1;5;4;4;6;5;4;5;4;5;3;4;5;8;6;5;4;7;3;3;4;4;6;5;6;5;6;3;4;4;4;32;29;14;1;1;2;1
318;6;7;7;5;8;8;1;6;6;4;5;7;4;5;8;6;2;4;5;7;6;7;5;3;6;7;6;6;7;5;4;39;34;29;4;1;4;3
319;7;4;5;5;7;5;7;6;5;6;5;6;5;4;7;6;4;5;5;4;6;5;5;5;7;5;4;6;4;3;6;43;111;18;1;0;4;3
320;3;5;4;5;5;4;5;4;4;5;6;5;7;4;4;4;6;5;6;6;4;5;3;5;7;6;5;4;4;4;6;43;108;19;1;0;3;4
321;3;5;4;2;5;5;2;5;2;5;2;4;5;5;4;3;5;7;5;3;6;4;5;4;3;4;7;3;3;3;3;28;29;15;1;1;1;5
322;2;5;7;5;5;4;7;6;7;6;5;7;4;4;7;7;3;4;7;5;6;5;5;6;8;5;5;5;8;5;6;43;112;19;2;1;4;4
323;3;5;4;2;5;3;3;2;2;4;2;4;5;6;5;5;4;8;6;4;4;4;6;5;3;3;7;1;3;3;2;24;20;13;0;1;1;4
324;9;7;5;5;6;8;6;5;5;4;5;6;5;6;6;9;4;4;5;6;8;7;6;4;7;7;4;5;7;7;6;52;100;29;2;1;4;2
325;7;4;4;3;4;3;4;4;3;7;3;4;5;4;5;5;6;6;7;3;3;4;3;6;4;2;7;4;3;3;4;41;35;15;1;0;1;5
326;9;5;6;6;5;5;9;7;6;5;5;6;5;7;5;6;4;3;4;6;5;5;6;6;8;1;5;9;6;4;5;48;152;18;1;0;3;1
327;1;4;5;2;6;5;4;3;3;4;2;5;4;7;4;5;3;7;5;3;5;3;7;5;4;4;7;3;6;4;3;29;21;15;1;1;2;3
328;4;5;3;4;4;5;4;3;5;6;5;2;7;5;4;4;5;6;5;5;6;4;4;5;4;6;7;3;5;5;4;41;44;16;1;1;3;4
329;6;6;5;2;9;3;4;4;5;7;4;4;6;8;6;9;4;7;4;3;3;5;6;5;4;2;6;4;6;4;3;29;55;20;1;0;2;3
330;9;8;6;5;6;9;6;5;6;1;8;7;6;5;8;6;4;1;5;5;9;7;4;3;7;8;5;4;5;8;5;56;125;28;4;1;4;2
331;5;5;6;6;7;5;8;6;7;6;7;7;5;4;7;7;5;3;6;5;6;6;4;5;7;6;4;8;6;4;6;53;158;23;2;0;4;3
332;1;5;5;4;7;6;4;5;3;4;1;4;5;7;5;5;4;7;4;4;6;4;7;4;4;9;6;4;9;5;3;26;31;18;2;1;3;3
333;8;7;5;6;6;6;7;6;7;4;8;4;7;5;4;5;6;3;5;6;5;6;4;3;8;5;4;7;5;6;6;60;170;24;2;1;4;3
334;1;6;6;4;7;6;6;3;5;3;5;5;5;5;7;6;2;4;6;6;6;5;4;1;4;7;5;7;7;6;5;37;38;27;4;1;4;3
335;3;7;6;6;7;4;7;6;5;5;7;5;5;5;5;6;3;4;6;5;5;9;4;3;7;4;3;5;6;6;6;46;115;29;4;1;3;3
336;1;7;4;5;4;6;5;5;4;2;1;5;7;5;6;6;4;6;5;6;7;6;5;4;5;8;6;3;6;7;5;37;46;21;2;1;3;4
337;6;4;5;4;5;4;5;3;4;6;3;4;5;7;6;4;5;6;4;1;5;4;7;8;4;5;6;5;5;3;4;31;27;13;0;0;1;3
338;5;2;6;2;5;7;4;4;4;3;3;6;1;6;5;5;2;7;5;9;7;9;7;7;4;5;7;4;5;3;3;37;40;17;0;1;3;3
339;5;3;6;6;6;4;8;8;6;7;8;6;5;5;4;5;4;4;5;5;6;3;5;8;5;5;4;7;5;3;5;46;142;16;0;0;3;2
340;1;3;5;2;5;5;5;5;4;4;3;3;5;7;5;5;4;6;2;4;5;3;8;8;4;5;7;6;4;3;4;29;37;9;0;1;2;1
341;8;4;4;5;6;3;6;6;5;7;6;5;7;6;5;5;3;5;4;4;3;4;5;4;7;3;5;6;4;4;6;41;109;18;2;0;2;1
342;9;5;4;5;4;4;5;9;5;9;7;4;7;2;9;5;5;4;7;6;5;4;3;5;5;5;4;4;3;4;6;45;126;22;2;0;3;5
343;1;6;8;5;3;6;5;6;6;3;6;2;9;4;2;3;7;5;8;5;8;5;3;4;5;6;4;5;2;5;6;49;96;18;2;1;4;5
344;1;5;3;8;3;6;6;6;6;3;6;3;9;4;3;4;6;4;7;6;8;6;2;6;7;7;5;5;4;5;6;46;142;22;1;1;4;4
345;4;6;4;6;5;5;6;5;6;7;6;3;8;6;5;4;7;4;6;7;4;6;5;4;7;6;5;6;5;5;6;52;122;23;2;0;3;3
346;9;4;5;3;4;2;5;5;5;9;4;4;5;7;6;9;4;6;3;3;2;3;6;6;5;3;7;6;6;4;4;41;69;12;1;0;2;2
347;2;4;3;3;6;3;4;4;4;6;4;5;6;7;4;5;4;7;3;3;3;4;7;5;9;5;7;4;6;4;5;35;59;15;1;1;1;2
348;6;8;6;6;5;5;6;6;7;4;5;6;6;5;4;7;5;4;4;5;4;7;6;2;6;6;4;6;8;7;5;45;110;24;4;1;3;1
349;1;3;4;5;3;5;6;6;6;4;4;4;7;5;3;4;6;5;6;6;6;3;3;6;7;5;5;4;3;3;5;46;122;14;0;0;4;4
350;5;4;4;4;5;5;4;3;3;6;2;4;5;7;4;4;3;6;4;2;4;3;6;5;5;5;6;4;7;3;4;30;41;16;1;0;2;2
351;9;7;6;5;6;6;7;6;8;4;5;7;6;5;6;6;3;3;5;7;6;6;4;4;7;6;4;5;7;6;6;46;104;27;3;1;4;3
352;4;6;4;2;6;2;4;3;4;8;4;3;5;6;4;5;4;6;5;3;2;4;6;6;3;2;6;2;5;6;3;26;25;17;0;0;1;3
353;1;4;1;5;3;4;6;7;5;6;4;1;8;3;2;3;1;4;7;6;4;3;4;6;7;5;6;6;2;4;6;37;77;13;0;0;3;3
354;1;3;4;3;6;6;4;4;3;5;2;4;5;7;6;4;6;7;4;4;4;4;7;6;4;5;7;5;9;3;3;27;27;13;0;1;2;4
355;4;7;3;8;2;5;5;5;9;6;6;1;8;5;2;3;7;5;6;5;6;6;4;4;5;6;4;3;4;7;6;54;92;22;2;1;3;3
356;5;7;7;4;8;5;5;4;4;6;4;5;5;6;6;8;3;5;6;5;5;6;6;3;5;3;6;5;7;5;5;33;36;26;3;1;2;3
357;9;6;7;4;8;1;6;4;5;9;6;5;5;4;6;7;3;4;5;5;2;5;3;4;6;2;4;6;7;5;6;36;80;23;3;0;2;4
358;8;6;5;5;6;7;6;4;6;3;5;6;5;5;6;6;4;5;7;6;7;5;5;3;6;6;5;5;6;6;5;46;61;25;4;1;3;2
359;6;5;5;5;4;8;6;6;6;2;5;3;7;7;3;4;5;4;1;4;8;5;4;6;5;7;4;6;3;6;6;47;78;22;1;1;4;1
360;5;4;6;4;6;8;6;4;4;3;5;6;5;4;6;6;2;4;5;4;7;5;4;4;7;7;5;5;7;3;5;44;44;25;2;1;3;3
361;9;3;9;5;6;5;8;7;6;4;9;7;4;4;7;6;4;4;6;5;6;3;4;6;8;6;5;6;5;4;6;45;125;20;1;0;4;3
362;8;6;5;5;7;4;6;4;6;5;5;4;5;4;5;6;3;4;7;6;7;6;4;4;7;5;5;4;6;5;5;42;57;22;2;1;3;4
363;6;5;5;2;5;6;5;4;2;2;2;4;5;7;6;4;4;7;3;3;6;4;7;5;4;6;7;4;4;4;2;37;24;11;1;0;2;2
364;5;4;6;5;7;2;7;7;5;7;6;7;4;5;7;7;3;3;7;5;4;4;4;6;7;4;5;5;6;3;6;44;70;18;1;0;3;4
365;3;7;5;3;6;5;4;4;4;4;4;6;4;6;6;6;4;6;6;5;7;6;5;3;6;6;6;4;5;5;4;32;31;22;3;1;3;3
366;4;6;4;2;6;6;4;4;4;3;3;5;5;7;6;4;5;2;3;3;7;4;6;4;5;5;6;3;5;9;4;32;38;19;1;1;3;2
367;1;4;4;2;4;4;2;3;3;4;2;6;2;7;5;4;4;7;5;3;5;4;6;6;3;5;8;4;5;4;3;29;15;14;1;1;1;4
368;4;4;7;4;6;4;7;5;5;6;5;6;5;4;7;7;3;4;6;4;5;3;5;5;6;5;6;6;7;4;4;37;49;20;1;0;3;4
369;4;3;6;6;5;6;8;7;6;4;5;5;6;4;8;5;5;4;7;6;5;3;2;7;1;7;4;6;4;2;6;43;66;17;0;0;4;5
370;3;5;4;3;3;5;4;4;3;5;3;4;5;7;3;4;4;7;4;4;6;5;7;6;4;6;7;2;5;4;3;34;35;14;1;0;2;3
371;9;5;3;6;5;6;6;6;5;4;4;4;1;7;3;3;7;5;4;6;8;5;5;5;5;7;6;7;3;5;5;50;73;13;1;1;4;1
372;1;4;3;5;4;5;6;6;5;5;4;3;8;6;4;4;6;5;6;4;4;4;5;7;6;4;6;4;2;4;5;48;73;14;0;0;3;2
373;9;6;7;9;8;4;4;3;5;4;5;7;4;4;6;8;2;4;7;5;4;5;3;4;8;4;5;5;8;4;5;42;49;27;3;0;3;4
374;5;6;5;5;7;5;7;6;6;6;5;5;5;5;6;6;4;5;5;5;5;6;5;3;6;6;5;7;5;6;5;47;70;23;2;1;2;2
375;4;5;6;3;6;7;5;4;4;3;3;6;4;7;7;7;4;7;4;4;7;5;7;5;5;5;6;4;5;5;4;38;27;18;1;1;3;2
376;6;5;4;9;4;3;7;7;7;6;6;3;7;7;5;3;6;4;3;4;5;5;4;5;6;6;5;8;5;5;6;55;107;18;1;0;3;1
377;5;4;8;4;6;7;7;5;5;2;4;8;4;8;6;7;3;5;4;4;7;4;7;5;6;7;7;8;8;3;2;44;41;20;2;1;3;1
378;3;5;4;3;5;7;4;3;2;3;2;3;4;8;5;4;5;7;4;4;8;4;6;5;3;7;7;2;5;4;3;28;40;19;0;1;2;3
379;3;5;4;4;3;4;5;6;6;6;5;3;7;5;4;5;6;4;8;5;5;4;4;6;6;6;4;5;5;5;5;36;50;16;1;1;3;4
380;9;5;3;5;4;5;5;5;5;5;4;2;7;5;3;4;7;5;5;6;5;4;5;5;5;6;5;5;5;6;4;39;90;18;1;0;3;4
381;9;5;7;6;8;4;7;6;6;7;7;6;5;4;7;7;3;3;6;5;5;4;3;5;8;5;4;6;8;5;7;50;125;22;2;0;4;3
382;4;5;2;9;4;3;6;7;5;7;5;3;7;4;4;3;6;4;6;5;5;5;3;6;6;6;5;4;2;4;6;53;139;16;1;0;3;3
383;7;6;3;4;3;5;1;5;6;6;6;2;7;6;4;4;6;5;6;4;6;5;4;4;5;3;5;6;3;6;5;36;41;20;2;0;2;3
384;5;4;5;6;6;6;7;1;6;4;6;5;6;4;5;6;3;4;7;5;5;4;4;6;7;5;4;4;6;4;6;53;84;21;0;1;4;4
385;1;5;4;4;4;8;5;5;6;2;6;4;6;4;4;4;4;6;7;6;8;5;4;4;7;7;6;5;5;5;6;43;98;25;2;1;4;4
386;6;9;4;2;6;4;4;3;2;5;3;5;5;7;6;4;3;7;4;3;4;4;7;6;4;6;7;2;4;3;3;31;27;17;1;1;1;2
387;3;7;3;5;2;7;6;6;5;3;6;4;8;5;4;4;8;5;6;7;7;7;5;4;5;7;5;6;2;7;6;51;143;22;3;1;4;2
388;4;4;5;2;4;5;4;5;2;5;2;4;4;8;5;4;4;8;1;1;4;4;8;7;2;5;8;4;7;3;2;27;22;9;0;1;1;2
389;8;2;4;6;3;5;6;7;5;5;5;3;8;4;5;4;5;4;8;6;6;2;4;6;5;7;6;6;5;2;5;47;117;15;1;0;4;4
390;1;3;5;3;7;6;5;5;2;5;2;5;5;7;5;5;3;7;3;2;5;2;7;7;4;3;8;4;6;3;2;30;24;14;0;0;2;3
391;4;5;4;5;3;6;5;5;5;6;4;4;8;5;4;3;7;5;7;6;5;5;4;5;6;6;5;6;3;4;5;39;80;15;2;0;3;4
392;4;8;3;3;6;4;3;3;3;5;3;4;5;8;5;5;5;8;3;3;4;7;6;2;4;4;7;4;3;6;9;35;32;20;4;1;2;2
393;8;6;6;5;6;4;5;4;6;6;5;5;5;4;6;6;2;3;7;9;5;6;3;4;6;4;5;3;7;6;5;43;68;26;2;1;4;5
394;7;7;3;5;5;4;6;6;6;7;5;6;7;8;5;4;7;5;3;5;6;6;7;4;5;6;4;4;3;6;6;46;171;19;2;0;2;1
395;9;7;3;6;3;4;7;8;6;6;6;2;7;6;3;4;7;4;5;7;6;6;4;5;6;7;6;7;5;7;6;56;236;20;2;1;3;2
396;6;3;6;3;3;5;5;5;4;5;2;5;5;7;1;4;4;6;4;4;6;2;6;7;4;4;7;5;5;4;3;32;32;10;0;0;3;3
397;1;1;4;1;6;4;4;3;3;7;2;3;5;5;5;3;4;7;5;3;5;1;4;9;4;3;9;4;3;1;2;23;29;7;0;0;1;5
398;9;4;7;6;7;4;8;5;6;6;7;6;6;3;9;5;3;4;9;5;3;5;1;7;9;5;4;7;5;2;7;50;77;21;0;0;4;5
399;9;5;7;5;7;4;6;4;6;6;5;6;4;5;7;7;2;4;6;6;4;5;4;4;8;4;6;6;6;9;6;43;61;24;3;1;3;3
400;5;5;3;3;4;6;4;4;3;4;5;4;6;7;3;5;5;6;4;2;6;5;9;5;3;6;7;4;5;5;4;31;45;18;2;1;2;2
